<?xml version="1.0"?>
<doc>
    <assembly>
        <name>MessageInspection</name>
    </assembly>
    <members>
        <member name="T:MediaCenter.SharedComponents.MessageInspectorBehaviorExtensionElement">
            <summary>
                Configuration behavior extension element.
            </summary>
        </member>
        <member name="P:MediaCenter.SharedComponents.MessageInspectorBehaviorExtensionElement.Enabled">
            <summary>
            Gets or sets the enabled.
            </summary>
            <value>
            The enabled.
            </value>
        </member>
        <member name="P:MediaCenter.SharedComponents.MessageInspectorBehaviorExtensionElement.FileRetentionHours">
            <summary>
            Gets or sets the file retention hours.
            </summary>
            <value>
            The file retention hours.
            </value>
        </member>
        <member name="P:MediaCenter.SharedComponents.MessageInspectorBehaviorExtensionElement.RequestConsoleOutputFormat">
            <summary>
                Gets or sets the name of the request console output format property.
            </summary>
            <value>
                The name of the request console output format property.
            </value>
        </member>
        <member name="P:MediaCenter.SharedComponents.MessageInspectorBehaviorExtensionElement.RequestCountBetweenCleanups">
            <summary>
            Gets or sets the request count between cleanups.
            </summary>
            <value>
            The request count between cleanups.
            </value>
        </member>
        <member name="P:MediaCenter.SharedComponents.MessageInspectorBehaviorExtensionElement.ResponseConsoleOutputFormat">
            <summary>
                Gets or sets the name of the response console output format property.
            </summary>
            <value>
                The name of the response console output format property.
            </value>
        </member>
        <member name="P:MediaCenter.SharedComponents.MessageInspectorBehaviorExtensionElement.RequestMessageFile">
            <summary>
                Gets or sets the request message file.
            </summary>
            <value>
                The request message file.
            </value>
        </member>
        <member name="P:MediaCenter.SharedComponents.MessageInspectorBehaviorExtensionElement.ResponseMessageFile">
            <summary>
                Gets or sets the response message file.
            </summary>
            <value>
                The response message file.
            </value>
        </member>
        <member name="P:MediaCenter.SharedComponents.MessageInspectorBehaviorExtensionElement.BehaviorType">
            <summary>
                Gets the type of behavior.
            </summary>
        </member>
        <member name="M:MediaCenter.SharedComponents.MessageInspectorBehaviorExtensionElement.CreateBehavior">
            <summary>
                Creates a behavior extension based on the current configuration settings.
            </summary>
            <returns>
                The behavior extension.
            </returns>
        </member>
        <member name="T:MediaCenter.SharedComponents.MessageInspectorEndpointBehavior">
            <summary>
                Endpoint behavior.
            </summary>
        </member>
        <member name="M:MediaCenter.SharedComponents.MessageInspectorEndpointBehavior.#ctor(System.Boolean,System.Int32,System.Nullable{System.TimeSpan},System.String,System.String,System.String,System.String)">
            <summary>
            Initializes a new instance of the <see cref="T:MediaCenter.SharedComponents.MessageInspectorEndpointBehavior" /> class.
            </summary>
            <param name="enabled">if set to <c>true</c> [enabled].</param>
            <param name="requestCountBetweenCleanups">The request count between cleanups.</param>
            <param name="fileRetentionTimeSpan">The file retention time span.</param>
            <param name="requestMessageFile">The request message file.</param>
            <param name="responseMessageFile">The response message file.</param>
            <param name="requestConsoleOutputFormat">The request console output format.</param>
            <param name="responseConsoleOutputFormat">The response console output format.</param>
        </member>
        <member name="M:MediaCenter.SharedComponents.MessageInspectorEndpointBehavior.AddBindingParameters(System.ServiceModel.Description.ServiceEndpoint,System.ServiceModel.Channels.BindingParameterCollection)">
            <summary>
                Implement to pass data at runtime to bindings to support custom behavior.
            </summary>
            <param name="endpoint">The endpoint to modify.</param>
            <param name="bindingParameters">The objects that binding elements require to support the behavior.</param>
        </member>
        <member name="M:MediaCenter.SharedComponents.MessageInspectorEndpointBehavior.ApplyClientBehavior(System.ServiceModel.Description.ServiceEndpoint,System.ServiceModel.Dispatcher.ClientRuntime)">
            <summary>
                Implements a modification or extension of the client across an endpoint.
            </summary>
            <param name="endpoint">The endpoint that is to be customized.</param>
            <param name="clientRuntime">The client runtime to be customized.</param>
        </member>
        <member name="M:MediaCenter.SharedComponents.MessageInspectorEndpointBehavior.ApplyDispatchBehavior(System.ServiceModel.Description.ServiceEndpoint,System.ServiceModel.Dispatcher.EndpointDispatcher)">
            <summary>
                Implements a modification or extension of the service across an endpoint.
            </summary>
            <param name="endpoint">The endpoint that exposes the contract.</param>
            <param name="endpointDispatcher">The endpoint dispatcher to be modified or extended.</param>
        </member>
        <member name="M:MediaCenter.SharedComponents.MessageInspectorEndpointBehavior.Validate(System.ServiceModel.Description.ServiceEndpoint)">
            <summary>
                Implement to confirm that the endpoint meets some intended criteria.
            </summary>
            <param name="endpoint">The endpoint to validate.</param>
        </member>
        <member name="T:MediaCenter.SharedComponents.MessageInspector">
            <summary>
                Client message inspector.
            </summary>
        </member>
        <member name="M:MediaCenter.SharedComponents.MessageInspector.#ctor(System.Boolean,System.Int32,System.Nullable{System.TimeSpan},System.String,System.String,System.String,System.String)">
            <summary>
            Initializes a new instance of the <see cref="T:MediaCenter.SharedComponents.MessageInspector" /> class.
            </summary>
            <param name="enabled">if set to <c>true</c> [enabled].</param>
            <param name="requestCountBetweenCleanups">The request count between cleanups.</param>
            <param name="fileRetentionTimeSpan">The file retention time span.</param>
            <param name="requestMessageFile">The request message file.</param>
            <param name="responseMessageFile">The response message file.</param>
            <param name="requestConsoleOutputFormat">The request console output format.</param>
            <param name="responseConsoleOutputFormat">The response console output format.</param>
        </member>
        <member name="M:MediaCenter.SharedComponents.MessageInspector.AfterReceiveReply(System.ServiceModel.Channels.Message@,System.Object)">
            <summary>
                Enables inspection or modification of a message after a reply message is received but prior to passing it back to
                the client application.
            </summary>
            <param name="reply">The message to be transformed into types and handed back to the client application.</param>
            <param name="correlationState">Correlation state data.</param>
        </member>
        <member name="M:MediaCenter.SharedComponents.MessageInspector.BeforeSendRequest(System.ServiceModel.Channels.Message@,System.ServiceModel.IClientChannel)">
            <summary>
                Enables inspection or modification of a message before a request message is sent to a service.
            </summary>
            <param name="request">The message to be sent to the service.</param>
            <param name="channel">The WCF client object channel.</param>
            <returns>
                The object that is returned as the <paramref name="correlationState" />argument of the
                <see cref="!:IClientMessageInspector.AfterReceiveReply(System.ServiceModel.Channels.Message, object)" />
                method. This is null if no correlation state is used.The best practice is to make this a
                <see cref="T:System.Guid" /> to ensure that no two <paramref name="correlationState" /> objects are the same.
            </returns>
            <remarks>
                <para>The method writes the SOAP request to a file prior to the send.</para>
            </remarks>
        </member>
        <member name="M:MediaCenter.SharedComponents.MessageInspector.PatchFilePath(System.String@,System.Int32)">
            <summary>
            Patches the file path middle part with current time and message ID.
            </summary>
            <param name="filePath">The file path.</param>
            <param name="messageId">The message identifier.</param>
        </member>
        <member name="M:MediaCenter.SharedComponents.MessageInspector.SetXmlFileVariables(System.String)">
            <summary>
            Sets the XML file variables _lastLogHour and _lastMessageId.
            </summary>
            <param name="requestFilePath">The request file path.</param>
            <remarks>
            <para>If the task instance is just started and not handled any requests yet, the variables are reset.</para>
            <para>If the task instance has handled requests before, the variables are checked against the last request XML file and set.</para>
            <para>The _messageId is reset on the first request every hour in this version.</para>
            </remarks>
        </member>
        <member name="M:MediaCenter.SharedComponents.MessageInspector.SplitFilePath(System.String,System.String@,System.String@,System.String@)">
            <summary>
            Splits the file path into left, middle and right part.
            </summary>
            <param name="filePath">The file path.</param>
            <param name="left">The left.</param>
            <param name="middle">The middle.</param>
            <param name="right">The right.</param>
        </member>
        <member name="T:MediaCenter.SharedComponents.MessageInspector.ProcessArg">
            <summary>
            Process argument type.
            </summary>
        </member>
        <member name="P:MediaCenter.SharedComponents.MessageInspector.ProcessArg.FileRetentionTimeSpan">
            <summary>
            Gets or sets the file retention time span.
            </summary>
            <value>
            The file retention time span.
            </value>
        </member>
        <member name="P:MediaCenter.SharedComponents.MessageInspector.ProcessArg.RequestFilePath">
            <summary>
            Gets or sets the request file path.
            </summary>
            <value>
            The request file path.
            </value>
        </member>
        <member name="P:MediaCenter.SharedComponents.MessageInspector.ProcessArg.ResponseFilePath">
            <summary>
            Gets or sets the response file path.
            </summary>
            <value>
            The response file path.
            </value>
        </member>
        <member name="T:MediaCenter.SharedComponents.MessageInspector.CleanupThreadWorker">
            <summary>
            Clean up thread worker, removing old files.
            </summary>
        </member>
        <member name="M:MediaCenter.SharedComponents.MessageInspector.CleanupThreadWorker.Process(System.Object)">
            <summary>
            Processes the specified thread context.
            </summary>
            <param name="threadContext">The thread context.</param>
        </member>
        <member name="M:MediaCenter.SharedComponents.MessageInspector.CleanupThreadWorker.CleanupFiles(System.Nullable{System.TimeSpan},System.String)">
            <summary>
            Cleans up the files.
            </summary>
            <param name="fileRetentionTimeSpan">The file retention time span.</param>
            <param name="filePath">The file path.</param>
        </member>
        <member name="T:MediaCenter.SharedComponents.Utility">
            <summary>
            Utility type.
            </summary>
            <remarks>
            <para>The <c>IsNullOrEmptyTrimmed</c> method here is a duplicate of the one in the <see cref="T:MediaCenter.SharedComponents.Utility"/> assembly.</para>
            <para>We have it here too because we otherwise would have to copy the <see cref="T:MediaCenter.SharedComponents.Utility"/> assembly to the JRiver MediaCenter program folder.</para>
            </remarks>
        </member>
        <member name="M:MediaCenter.SharedComponents.Utility.IsNullOrEmptyTrimmed(System.String)">
            <summary>
            Determines whether the text is null or empty when trimmed.
            </summary>
            <param name="text">The text.</param>
            <returns>
              <c>true</c> if the text is null or empty when trimmed; otherwise, <c>false</c>.
            </returns>
        </member>
    </members>
</doc>
