﻿<?xml version="1.0" encoding="utf-8" ?>

<!-- Place the log files in an existing folder that the LyricsFinder is allowed to write logs in. -->
<!-- You can place them in the same folder used for the LocalAppDataFile. -->
<!-- log4net threshold level can be set to ALL|DEBUG|INFO|WARN|ERROR|FATAL|OFF -->
<log4net threshold="ALL">
    <!-- Error logs -->
    <appender name="ErrorRollingLog.Plugin" type="log4net.Appender.RollingFileAppender">
        <file value="${USERPROFILE}\Documents\LyricsFinder\LyricsFinder.Plugin.error.log" />
        <appendToFile value="true" />
        <rollingStyle value="Composite" />
        <datePattern value=".dd.'log'" />
        <maxSizeRollBackups value="7" />
        <maximumFileSize value="100MB" />
        <layout type="log4net.Layout.PatternLayout">
            <conversionPattern value="&#xD;&#xA;--------------------------------------------------------------------------------&#xD;&#xA;Timestamp         : %date{yyyy.MM.dd HH:mm:ss,fff}&#xD;&#xA;Internal message  : %message&#xD;&#xA;External message  : %property{ExternalMessage}&#xD;&#xA;Level             : %level&#xD;&#xA;Log reference     : %property{LogReference}&#xD;&#xA;Host name         : %property{log4net:HostName}&#xD;&#xA;Windows user      : %username&#xD;&#xA;User              : %property{UserName}&#xD;&#xA;IP address        : %property{IpAddress}&#xD;&#xA;Begin time        : %property{Begin}&#xD;&#xA;End time          : %property{End}&#xD;&#xA;Fault code        : %property{FaultCode}&#xD;&#xA;Fault sub code    : %property{FaultSubCode}&#xD;&#xA;Extra information : %property{ExtraInfo}&#xD;&#xA;App. domain       : %appdomain&#xD;&#xA;Calling class     : %property{EntryClass}&#xD;&#xA;Version           : %property{EntryClassVersion}&#xD;&#xA;File              : %property{ExceptionTriggerFile}&#xD;&#xA;Class             : %property{ExceptionTriggerClass}&#xD;&#xA;Version           : %property{ExceptionTriggerClassVersion}&#xD;&#xA;Method            : %property{ExceptionTriggerMethod}&#xD;&#xA;Arguments         : %property{MethodArguments}&#xD;&#xA;Exception         :&#xD;&#xA;%exception--------------------------------------------------------------------------------&#xD;&#xA;" />
        </layout>
        <!-- ALL|DEBUG|INFO|WARN|ERROR|FATAL|OFF -->
        <filter type="log4net.Filter.LevelRangeFilter">
            <levelMin value="WARN" />
            <acceptOnMatch value="false" />
        </filter>
        <filter type="log4net.Filter.LoggerMatchFilter">
            <loggerToMatch value="LyricsFinder.Plugin" />
            <acceptOnMatch value="true" />
        </filter>
        <filter type="log4net.Filter.DenyAllFilter" />
    </appender>

    <!-- Info logs -->
    <appender name="InfoRollingLog.Plugin" type="log4net.Appender.RollingFileAppender">
        <file value="${USERPROFILE}\Documents\LyricsFinder\LyricsFinder.Plugin.log" />
        <appendToFile value="true" />
        <rollingStyle value="Composite" />
        <datePattern value=".dd.'log'" />
        <maxSizeRollBackups value="7" />
        <maximumFileSize value="100MB" />
        <layout type="log4net.Layout.PatternLayout">
            <conversionPattern value="%date [%2thread] %-5level %logger - %message%newline" />
        </layout>
        <!-- ALL|DEBUG|INFO|WARN|ERROR|FATAL|OFF -->
        <filter type="log4net.Filter.LevelRangeFilter">
            <levelMin value="DEBUG" />
            <levelMax value="FATAL" />
            <acceptOnMatch value="false" />
        </filter>
        <filter type="log4net.Filter.LoggerMatchFilter">
            <loggerToMatch value="LyricsFinder.Plugin" />
            <acceptOnMatch value="true" />
        </filter>
        <filter type="log4net.Filter.DenyAllFilter" />
    </appender>

    <root>
        <!-- priority value can be set to ALL|DEBUG|INFO|WARN|ERROR|FATAL|OFF -->
        <!--<priority value="OFF"/>-->
        <!-- ALL|DEBUG|INFO|WARN|ERROR|FATAL|OFF -->
        <level value="ALL" />
        <appender-ref ref="ErrorRollingLog.Plugin" />
        <appender-ref ref="InfoRollingLog.Plugin" />
    </root>
</log4net>
